<?xml version="1.0"?>
<ProjectAnalysisReport>
	<Product name="Visual Lint Enterprise Edition (trial)" version="8.0.10.355" url="https://www.riverblade.co/products/visual_lint" licence_user=""/>
	<User name="jojo2" computer="HEAVEN-1004"/>
	<Options/>
	<Categories>
		<Category level="0" display_name="Information" display_name_plural="Informational" severity="1" icon="Information" xml_element="Information" is_fatal="0" built_in_level="1" foreground_colour="128,0,128" background_colour=""/>
		<Category level="1" display_name="Portability" display_name_plural="Portability" severity="2" icon="Information" xml_element="Portability" is_fatal="0" built_in_level="2" foreground_colour="128,0,128" background_colour=""/>
		<Category level="2" display_name="Performance" display_name_plural="Performance" severity="3" icon="Information" xml_element="Performance" is_fatal="0" built_in_level="3" foreground_colour="128,0,128" background_colour=""/>
		<Category level="3" display_name="Style" display_name_plural="Style" severity="4" icon="Information" xml_element="Style" is_fatal="0" built_in_level="4" foreground_colour="128,0,128" background_colour=""/>
		<Category level="4" display_name="Warning" display_name_plural="Warnings" severity="5" icon="Warning" xml_element="Warning" is_fatal="0" built_in_level="5" foreground_colour="160,128,0" background_colour=""/>
		<Category level="5" display_name="Error" display_name_plural="Errors" severity="6" icon="Error" xml_element="Error" is_fatal="0" built_in_level="6" foreground_colour="160,0,0" background_colour=""/>
		<Category level="6" display_name="Fatal Error" display_name_plural="Fatal Errors" severity="999" icon="HandRed" xml_element="FatalError" is_fatal="1" built_in_level="999" foreground_colour="0,0,0" background_colour="224,128,128"/>
	</Categories>
	<Solution pathname="C:\Users\jojo2\source\repos\QuestionableCode\QuestionableCode\QuestionableCode.vcxproj" filename="QuestionableCode.vcxproj" configuration="Debug|Win32">
		<Projects>
			<Project name="QuestionableCode" pathname="C:\Users\jojo2\source\repos\QuestionableCode\QuestionableCode\QuestionableCode.vcxproj" filename="QuestionableCode.vcxproj" configuration="Debug|Win32" status="Complete" analysis_time_taken="" time_last_analysed="Sunday, December 08, 2024, 21:43:55" analysis_tool="Cppcheck 2.16.0">
				<Summary issue_count="1" show_chart="1">
					<Categories>
						<Category name="Informational" count="0" percentage="0.00" colour="#800080"/>
						<Category name="Portability" count="0" percentage="0.00" colour="#800080"/>
						<Category name="Performance" count="0" percentage="0.00" colour="#800080"/>
						<Category name="Style" count="0" percentage="0.00" colour="#800080"/>
						<Category name="Warnings" count="0" percentage="0.00" colour="#ff8000"/>
						<Category name="Errors" count="0" percentage="0.00" colour="#ff0000"/>
						<Category name="Fatal Errors" count="1" percentage="100.00" colour="#e08080"/>
					</Categories>
					<Issues>
						<Issue id="error" title="unrecognized command line option: &quot;--template&quot;." category_index="6" category_name="Fatal Error" colour="#e08080" count="1" ranking="1"/>
					</Issues>
				</Summary>
				<Files>
					<File filename="QuestionableCode.cpp" status="Complete" results_filename="QuestionableCode.cpp.html">
						<Summary issue_count="1">
							<Categories>
								<Category name="Informational" count="0" percentage="0.00" colour="#800080"/>
								<Category name="Portability" count="0" percentage="0.00" colour="#800080"/>
								<Category name="Performance" count="0" percentage="0.00" colour="#800080"/>
								<Category name="Style" count="0" percentage="0.00" colour="#800080"/>
								<Category name="Warnings" count="0" percentage="0.00" colour="#ff8000"/>
								<Category name="Errors" count="0" percentage="0.00" colour="#ff0000"/>
								<Category name="Fatal Errors" count="1" percentage="100.00" colour="#e08080"/>
							</Categories>
							<Issues>
								<Issue id="error" title="unrecognized command line option: &quot;--template&quot;." category_index="6" category_name="Fatal Error" colour="#e08080" count="1" ranking="1"/>
							</Issues>
						</Summary>
					</File>
				</Files>
			</Project>
		</Projects>
	</Solution>
</ProjectAnalysisReport>
