<?xml version="1.0" encoding="iso-8859-1"?>
<AnalysisHistory filename="C:\Users\jojo2\source\repos\QuestionableCode\QuestionableCode\QuestionableCode.cpp"><Results tool="CppCheck"><Result Date="2024-12-08T21:43:55"><Categories issues="1"><Category id="0" name="Information" issues="0"/><Category id="1" name="Portability" issues="0"/><Category id="2" name="Performance" issues="0"/><Category id="3" name="Style" issues="0"/><Category id="4" name="Warning" issues="0"/><Category id="5" name="Error" issues="0"/><Category id="6" name="Fatal Error" issues="1"/></Categories><Issues><Issue id="error" category="6" count="1"/></Issues></Result></Results></AnalysisHistory>
